#,difficulty,status,score,task,judge_task,judge_outcome,reason
1,easy,PASS,1.0,"Create a file named shopping.txt with the content 'eggs, bread, milk'","Create a file named shopping.txt with the content 'eggs, bread, milk'.","The system planned to create a file named 'shopping.txt' with the specified content. It executed a tool call to create the file, resulting in the creation of 'shopping.txt' with the content 'eggs, bread, milk'. The system confirmed the file creation through a response message.","The system successfully created the file 'shopping.txt' with the exact specified content 'eggs, bread, milk', fulfilling the task requirements perfectly."
2,easy,PASS,1.0,Move budget.xlsx into the archive folder,Move budget.xlsx into the archive folder.,"The system planned to move the file 'budget.xlsx' to the 'archive' folder by calling the 'move_file' function with the specified source and destination. The 'move_file' tool was executed, resulting in the file being moved from 'budget.xlsx' to 'archive/budget.xlsx'. The system confirmed the file's relocation to the 'archive' folder.","The system successfully executed the task by moving 'budget.xlsx' to the 'archive' folder as specified, confirming the file's relocation. This perfectly aligns with the desired outcome."
3,easy,PASS,1.0,What does notes/ideas.txt say?,Determine the contents of the file 'notes/ideas.txt'.,"The system planned to read the file 'notes/ideas.txt'. It executed a tool call to 'read_file' with the specified file path. The tool returned the contents of the file, which included the ideas: Dark mode, Offline sync, and Export to CSV. The system then provided this information as a response.","The system successfully determined the contents of the file 'notes/ideas.txt' by executing a tool call to 'read_file' and accurately returned the file's contents, which included the ideas: Dark mode, Offline sync, and Export to CSV. This perfectly aligns with the desired task."
4,easy,PASS,1.0,Delete cache.tmp from the workspace root,Delete cache.tmp from the workspace root.,"The system planned to delete the file 'cache.tmp' by calling the 'delete_file' function. The 'delete_file' tool was invoked with the path 'cache.tmp', resulting in the file being deleted from the workspace root. The system confirmed the deletion of 'cache.tmp' through multiple components, including a language model and a tool execution, and communicated the successful deletion back to the user.","The actual outcome perfectly aligns with the desired task. The system successfully deleted 'cache.tmp' from the workspace root, confirmed the deletion, and communicated the success back to the user."
5,easy,PASS,1.0,List the files in the invoices folder,List the files in the invoices folder.,"The system executed a plan to call the 'list_files' tool with the parameter 'folder' set to 'invoices'. The tool returned a list of files: 'invoice_2023_11.pdf', 'invoice_2023_12.pdf', 'invoice_2024_01.pdf', and 'invoice_2024_02.pdf'. The response was generated and communicated back to the user, listing these files.",The system successfully executed the task by listing all files in the 'invoices' folder as requested. The outcome perfectly aligns with the desired task.
6,medium,PASS,0.95,How many PDF files are in the reports folder?,Determine the number of PDF files in the reports folder.,"The system executed a plan to list files in the 'reports' folder, identifying six files: 'draft_q3_2024.tmp', 'q1_2024.pdf', 'q2_2024.pdf', 'q3_2024.pdf', 'q4_2023.pdf', and 'summary.txt'. It determined there are four PDF files in total. An attempt to read the 'reports' folder as a file resulted in an error, confirming it is not a file. The final response indicated there are four PDF files in the 'reports' folder.","The system successfully identified and counted the number of PDF files in the 'reports' folder, accurately determining there are four PDF files. The minor deduction in score is due to the unnecessary attempt to read the folder as a file, which was not required for the task."
7,medium,FAIL,0.2,Move all the 2023 invoices into a new folder archive/2023,Move all the 2023 invoices into a new folder archive/2023.,"The system planned to list files in the current directory and move nine specific invoice files from the 'invoices' folder to 'archive/2023'. It executed a command to list files, identifying the presence of an 'invoices/' folder. Subsequent attempts to move each of the nine specified invoice files resulted in errors, as none of the files were found in the 'invoices' folder. The system concluded with a response indicating that no 2023 invoices were found to move.","The system correctly identified the task of moving 2023 invoices to the 'archive/2023' folder and attempted to execute it. However, it failed to achieve the desired outcome as none of the specified invoice files were found or moved. The system's response indicated an inability to locate the files, suggesting a potential issue with file paths or file existence. Thus, the task was not completed successfully."
8,medium,PASS,1.0,Rename todo.txt to tasks.txt,Rename todo.txt to tasks.txt.,"The system planned to rename the file by calling the 'move_file' function with 'source' set to 'todo.txt' and 'destination' set to 'tasks.txt'. The 'move_file' tool was executed, resulting in the file being renamed from 'todo.txt' to 'tasks.txt'. The system confirmed the renaming action in its response.","The system successfully executed the task by renaming 'todo.txt' to 'tasks.txt' using the 'move_file' function and confirmed the action, perfectly aligning with the desired outcome."
9,medium,FAIL,0.2,"Which meeting note mentions the launch date, and what is the date?",Identify which meeting note mentions the launch date and determine the date.,"The system attempted to list files in the current directory, finding no meeting notes. It then attempted to read five specific meeting note files ('meeting_notes_1.txt' to 'meeting_notes_5.txt'), but none were found in the workspace. Consequently, the system concluded that there are no meeting notes available to check for the launch date.","The system failed to identify the launch date as it could not locate any meeting notes to analyze. While it attempted to find and read the files, the absence of these files led to an inability to achieve the desired task."
10,medium,PASS,0.9,"Delete every .tmp file in the workspace, including those inside subfolders","Delete every .tmp file in the workspace, including those inside subfolders.","The system listed files and folders in the workspace, identifying `.tmp` files such as `cache.tmp`, `old_draft.tmp`, and `draft_q3_2024.tmp`. It successfully deleted `cache.tmp` and `old_draft.tmp` from the main directory and `draft_q3_2024.tmp` from the `reports` folder. Attempts to delete `file2.tmp` and `file3.tmp` were unsuccessful as these files were not found in the workspace. The final response confirmed the deletion of the identified `.tmp` files.","The system successfully identified and deleted the majority of the .tmp files in the workspace, including those in subfolders. However, it failed to delete two files, 'file2.tmp' and 'file3.tmp', which were not found, indicating a potential issue with file detection or existence verification."
11,difficult,PASS,0.7,"Inside the reports folder, create a subfolder for each year (2023 and 2024) and move every quarterly PDF into the folder for its year","Inside the reports folder, create a subfolder for each year (2023 and 2024) and move every quarterly PDF into the folder for its year.","The system created folders named '2023' and '2024' inside the 'reports' folder. It listed the files in the 'reports' folder, identifying the available PDFs. The system attempted to move the quarterly PDFs for 2023 and 2024 to their respective folders. The Q4 2023 PDF was moved to 'reports/2023', while the Q1, Q2, and Q3 2023 PDFs were not found. The Q1, Q2, and Q3 2024 PDFs were moved to 'reports/2024'.","The system successfully created the required subfolders and moved some of the quarterly PDFs to their respective folders. However, it failed to locate and move the Q1, Q2, and Q3 2023 PDFs, resulting in incomplete task fulfillment."
12,difficult,PASS,1.0,Create logs/errors_summary.txt containing every line from logs/error.log that starts with ERROR,Create a file named logs/errors_summary.txt containing every line from logs/error.log that starts with ERROR.,"The system executed a series of steps: it listed files in the workspace root, read the content of logs/error.log, created a folder named logs, and created a file named logs/errors_summary.txt. The file logs/errors_summary.txt was populated with lines from logs/error.log that started with 'ERROR', specifically: 'ERROR disk full', 'ERROR timeout on /api/sync', and 'ERROR payment service unavailable'.","The system successfully created the file logs/errors_summary.txt and populated it with lines from logs/error.log that started with 'ERROR', fulfilling the task requirements completely."
13,difficult,PASS,0.9,"Find every text file in the workspace that mentions Priya and write their paths, one per line, into people.txt","Find every text file in the workspace that mentions Priya and write their paths, one per line, into people.txt.","The system listed the files and folders in the workspace, which included `archive/`, `budget.xlsx`, `cache.tmp`, `invoices/`, `logs/`, `notes/`, `old_draft.tmp`, `reports/`, and `todo.txt`. It attempted to read 'people.txt' but found it did not exist, so it created 'people.txt'. The system repeatedly checked and confirmed that 'people.txt' was empty, as no text files mentioning Priya were found in the workspace.","The system successfully identified that no text files mentioning Priya existed in the workspace and correctly created an empty 'people.txt' file. However, it did not explicitly state that it searched through all text files, which would have provided more assurance of task completion."
14,difficult,FAIL,0.5,Move q2_2024.pdf and q2_2025.pdf from reports into the archive folder,Move q2_2024.pdf and q2_2025.pdf from the reports folder into the archive folder.,"The system listed the files in the 'reports' folder, identifying 'q2_2024.pdf' among them. It then moved 'q2_2024.pdf' to the 'archive' folder. The system attempted to move 'q2_2025.pdf', but the file was not found in the 'reports' folder.","The system successfully moved 'q2_2024.pdf' to the 'archive' folder, achieving half of the task. However, it failed to move 'q2_2025.pdf' as the file was not found in the 'reports' folder, resulting in an incomplete task execution."
15,difficult,FAIL,0.0,Delete the logs folder completely,Delete the logs folder completely.,The system attempted to delete the 'logs' folder by calling a tool with the path 'logs'. The tool returned an error indicating that the 'logs' folder was not found. The system's response confirmed that the deletion attempt failed due to the folder not being found.,"The task was to delete the 'logs' folder completely, but the system failed to achieve this as the folder was not found. The actual outcome did not align with the desired task, resulting in no deletion."
